{
  "parent": "item/generated",
  "textures": {
    "layer0": "minecraft:item/paper"
  },
  "overrides": [
    { "predicate": { "custom_model_data": 9001 }, "model": "pokenomalies:item/anomaly_scroll" },
    { "predicate": { "custom_model_data": 9002 }, "model": "pokenomalies:item/fire_scroll" },
    { "predicate": { "custom_model_data": 9003 }, "model": "pokenomalies:item/water_scroll" },
    { "predicate": { "custom_model_data": 9004 }, "model": "pokenomalies:item/grass_scroll" },
    { "predicate": { "custom_model_data": 9005 }, "model": "pokenomalies:item/electric_scroll" },
    { "predicate": { "custom_model_data": 9006 }, "model": "pokenomalies:item/ice_scroll" },
    { "predicate": { "custom_model_data": 9007 }, "model": "pokenomalies:item/fighting_scroll" },
    { "predicate": { "custom_model_data": 9008 }, "model": "pokenomalies:item/poison_scroll" },
    { "predicate": { "custom_model_data": 9009 }, "model": "pokenomalies:item/ground_scroll" },
    { "predicate": { "custom_model_data": 9010 }, "model": "pokenomalies:item/flying_scroll" },
    { "predicate": { "custom_model_data": 9011 }, "model": "pokenomalies:item/psychic_scroll" },
    { "predicate": { "custom_model_data": 9012 }, "model": "pokenomalies:item/bug_scroll" },
    { "predicate": { "custom_model_data": 9013 }, "model": "pokenomalies:item/rock_scroll" },
    { "predicate": { "custom_model_data": 9014 }, "model": "pokenomalies:item/ghost_scroll" },
    { "predicate": { "custom_model_data": 9015 }, "model": "pokenomalies:item/dragon_scroll" },
    { "predicate": { "custom_model_data": 9016 }, "model": "pokenomalies:item/dark_scroll" },
    { "predicate": { "custom_model_data": 9017 }, "model": "pokenomalies:item/steel_scroll" },
    { "predicate": { "custom_model_data": 9018 }, "model": "pokenomalies:item/fairy_scroll" },
    { "predicate": { "custom_model_data": 9019 }, "model": "pokenomalies:item/normal_scroll" }
  ]
}